nodes,trial,p,size,buff_size,time
2,1,1,1000000,10000,0.36819
2,1,1,1000000,25000,0.282439
2,1,1,1000000,100000,0.244286
2,1,1,10000000,10000,20.2696
2,1,1,10000000,25000,9.22217
2,1,1,10000000,100000,4.00435
2,1,1,50000000,25000,192.807
2,1,1,1000000,1000000,0.246894
2,1,1,10000000,1000000,2.72253
4,1,1,1000000,1000000,0.152495
4,1,1,10000000,1000000,1.6517
8,1,1,1000000,1000000,0.114164
8,1,1,10000000,1000000,1.15389
2,1,1,10000000,1000000,