nodes,size,workers,time
1,13993959,15,1.34156
1,26917759,15,2.67817
1,51848806,15,5.21245
1,100000000,15,10.2515