nodes,size,workers,time
1,13993959,15,1.34156
2,26917759,15,2.22026
4,51848806,15,3.91692
8,100000000,15,7.15511
