nodes,size,time
1,13993959,7.61232
2,26917759,8.15463
4,51848806,9.51967
8,100000000,12.2194
