size,workers,time
1000000,1,0.142322
1900000,3,0.122928
3650000,7,0.159282
7000000,15,0.258789
13400000,31,0.509578
