size,workers,time
1000000,1,0.139448
2000000,3,0.129801
4000000,7,0.172399
8000000,15,0.282545
16000000,31,0.577992
