size,workers,time
1000000,1,0.119603
1900000,3,0.241633
3650000,7,0.476026
7000000,15,0.982099
13400000,31,1.89568
