size,workers,time
1000000,1,0.0856191
1900000,3,0.106341
3650000,7,0.152283
7000000,15,0.250044
13400000,31,0.493715
