size,workers,time
1000000,,1,0.0797276
2000000,,3,0.11166
4000000,,7,0.166502
8000000,,15,0.278753
16000000,,31,0.581647
